stop_name,daytime_routes,division,line,borough,structure,gtfs_longitude,gtfs_latitude,complex_id,date,entries,exits
St George,SIR,SIR,Staten Island,SI,Open Cut,-74.073643,40.643748,501,2020-01-01,2929,0
St George,SIR,SIR,Staten Island,SI,Open Cut,-74.073643,40.643748,501,2020-01-02,13073,0
St George,SIR,SIR,Staten Island,SI,Open Cut,-74.073643,40.643748,501,2020-01-03,11857,23
St George,SIR,SIR,Staten Island,SI,Open Cut,-74.073643,40.643748,501,2020-01-04,257,0
St George,SIR,SIR,Staten Island,SI,Open Cut,-74.073643,40.643748,501,2020-01-05,633,0
St George,SIR,SIR,Staten Island,SI,Open Cut,-74.073643,40.643748,501,2020-01-06,13512,0
St George,SIR,SIR,Staten Island,SI,Open Cut,-74.073643,40.643748,501,2020-01-07,13632,0
St George,SIR,SIR,Staten Island,SI,Open Cut,-74.073643,40.643748,501,2020-01-08,13634,0
St George,SIR,SIR,Staten Island,SI,Open Cut,-74.073643,40.643748,501,2020-01-09,13599,0
St George,SIR,SIR,Staten Island,SI,Open Cut,-74.073643,40.643748,501,2020-01-10,12849,0
St George,SIR,SIR,Staten Island,SI,Open Cut,-74.073643,40.643748,501,2020-01-11,271,0
St George,SIR,SIR,Staten Island,SI,Open Cut,-74.073643,40.643748,501,2020-01-12,19,0
St George,SIR,SIR,Staten Island,SI,Open Cut,-74.073643,40.643748,501,2020-01-13,13120,1
St George,SIR,SIR,Staten Island,SI,Open Cut,-74.073643,40.643748,501,2020-01-14,13671,0
St George,SIR,SIR,Staten Island,SI,Open Cut,-74.073643,40.643748,501,2020-01-15,13877,0
St George,SIR,SIR,Staten Island,SI,Open Cut,-74.073643,40.643748,501,2020-01-16,13255,1
St George,SIR,SIR,Staten Island,SI,Open Cut,-74.073643,40.643748,501,2020-01-17,12245,0
St George,SIR,SIR,Staten Island,SI,Open Cut,-74.073643,40.643748,501,2020-01-18,244,0
St George,SIR,SIR,Staten Island,SI,Open Cut,-74.073643,40.643748,501,2020-01-19,348,0
St George,SIR,SIR,Staten Island,SI,Open Cut,-74.073643,40.643748,501,2020-01-20,4947,0
St George,SIR,SIR,Staten Island,SI,Open Cut,-74.073643,40.643748,501,2020-01-21,13081,0
St George,SIR,SIR,Staten Island,SI,Open Cut,-74.073643,40.643748,501,2020-01-22,13422,0
St George,SIR,SIR,Staten Island,SI,Open Cut,-74.073643,40.643748,501,2020-01-23,14733,0
St George,SIR,SIR,Staten Island,SI,Open Cut,-74.073643,40.643748,501,2020-01-24,12139,1
St George,SIR,SIR,Staten Island,SI,Open Cut,-74.073643,40.643748,501,2020-01-25,270,0
St George,SIR,SIR,Staten Island,SI,Open Cut,-74.073643,40.643748,501,2020-01-26,19,0
St George,SIR,SIR,Staten Island,SI,Open Cut,-74.073643,40.643748,501,2020-01-27,13232,1
St George,SIR,SIR,Staten Island,SI,Open Cut,-74.073643,40.643748,501,2020-01-28,14336,0
St George,SIR,SIR,Staten Island,SI,Open Cut,-74.073643,40.643748,501,2020-01-29,14216,0
St George,SIR,SIR,Staten Island,SI,Open Cut,-74.073643,40.643748,501,2020-01-30,14132,0
St George,SIR,SIR,Staten Island,SI,Open Cut,-74.073643,40.643748,501,2020-01-31,10909,82
St George,SIR,SIR,Staten Island,SI,Open Cut,-74.073643,40.643748,501,2020-02-01,257,0
St George,SIR,SIR,Staten Island,SI,Open Cut,-74.073643,40.643748,501,2020-02-02,22,0
St George,SIR,SIR,Staten Island,SI,Open Cut,-74.073643,40.643748,501,2020-02-03,13194,0
St George,SIR,SIR,Staten Island,SI,Open Cut,-74.073643,40.643748,501,2020-02-04,14308,48
St George,SIR,SIR,Staten Island,SI,Open Cut,-74.073643,40.643748,501,2020-02-05,14144,0
St George,SIR,SIR,Staten Island,SI,Open Cut,-74.073643,40.643748,501,2020-02-06,13756,1
St George,SIR,SIR,Staten Island,SI,Open Cut,-74.073643,40.643748,501,2020-02-07,12378,1
St George,SIR,SIR,Staten Island,SI,Open Cut,-74.073643,40.643748,501,2020-02-08,249,0
St George,SIR,SIR,Staten Island,SI,Open Cut,-74.073643,40.643748,501,2020-02-09,20,0
St George,SIR,SIR,Staten Island,SI,Open Cut,-74.073643,40.643748,501,2020-02-10,13412,0
St George,SIR,SIR,Staten Island,SI,Open Cut,-74.073643,40.643748,501,2020-02-11,13816,2
St George,SIR,SIR,Staten Island,SI,Open Cut,-74.073643,40.643748,501,2020-02-12,13385,0
St George,SIR,SIR,Staten Island,SI,Open Cut,-74.073643,40.643748,501,2020-02-13,13878,3
St George,SIR,SIR,Staten Island,SI,Open Cut,-74.073643,40.643748,501,2020-02-14,11901,1
St George,SIR,SIR,Staten Island,SI,Open Cut,-74.073643,40.643748,501,2020-02-15,269,0
St George,SIR,SIR,Staten Island,SI,Open Cut,-74.073643,40.643748,501,2020-02-16,43,0
St George,SIR,SIR,Staten Island,SI,Open Cut,-74.073643,40.643748,501,2020-02-17,4336,0
St George,SIR,SIR,Staten Island,SI,Open Cut,-74.073643,40.643748,501,2020-02-18,12552,0
St George,SIR,SIR,Staten Island,SI,Open Cut,-74.073643,40.643748,501,2020-02-19,13235,0
St George,SIR,SIR,Staten Island,SI,Open Cut,-74.073643,40.643748,501,2020-02-20,13015,0
St George,SIR,SIR,Staten Island,SI,Open Cut,-74.073643,40.643748,501,2020-02-21,11315,14
St George,SIR,SIR,Staten Island,SI,Open Cut,-74.073643,40.643748,501,2020-02-22,2386,0
St George,SIR,SIR,Staten Island,SI,Open Cut,-74.073643,40.643748,501,2020-02-23,1674,0
St George,SIR,SIR,Staten Island,SI,Open Cut,-74.073643,40.643748,501,2020-02-24,13594,44
St George,SIR,SIR,Staten Island,SI,Open Cut,-74.073643,40.643748,501,2020-02-25,13781,36
St George,SIR,SIR,Staten Island,SI,Open Cut,-74.073643,40.643748,501,2020-02-26,13524,19
St George,SIR,SIR,Staten Island,SI,Open Cut,-74.073643,40.643748,501,2020-02-27,13706,1
St George,SIR,SIR,Staten Island,SI,Open Cut,-74.073643,40.643748,501,2020-02-28,12061,0
St George,SIR,SIR,Staten Island,SI,Open Cut,-74.073643,40.643748,501,2020-02-29,2186,0
St George,SIR,SIR,Staten Island,SI,Open Cut,-74.073643,40.643748,501,2020-03-01,1597,0
St George,SIR,SIR,Staten Island,SI,Open Cut,-74.073643,40.643748,501,2020-03-02,13171,10
St George,SIR,SIR,Staten Island,SI,Open Cut,-74.073643,40.643748,501,2020-03-03,13652,0
St George,SIR,SIR,Staten Island,SI,Open Cut,-74.073643,40.643748,501,2020-03-04,13333,0
St George,SIR,SIR,Staten Island,SI,Open Cut,-74.073643,40.643748,501,2020-03-05,13430,0
St George,SIR,SIR,Staten Island,SI,Open Cut,-74.073643,40.643748,501,2020-03-06,11679,0
St George,SIR,SIR,Staten Island,SI,Open Cut,-74.073643,40.643748,501,2020-03-07,2301,0
St George,SIR,SIR,Staten Island,SI,Open Cut,-74.073643,40.643748,501,2020-03-08,1596,0
St George,SIR,SIR,Staten Island,SI,Open Cut,-74.073643,40.643748,501,2020-03-09,12268,0
St George,SIR,SIR,Staten Island,SI,Open Cut,-74.073643,40.643748,501,2020-03-10,12001,0
St George,SIR,SIR,Staten Island,SI,Open Cut,-74.073643,40.643748,501,2020-03-11,11651,1
St George,SIR,SIR,Staten Island,SI,Open Cut,-74.073643,40.643748,501,2020-03-12,10515,2
St George,SIR,SIR,Staten Island,SI,Open Cut,-74.073643,40.643748,501,2020-03-13,8102,0
St George,SIR,SIR,Staten Island,SI,Open Cut,-74.073643,40.643748,501,2020-03-14,1920,0
St George,SIR,SIR,Staten Island,SI,Open Cut,-74.073643,40.643748,501,2020-03-15,1265,0
St George,SIR,SIR,Staten Island,SI,Open Cut,-74.073643,40.643748,501,2020-03-16,5612,0
St George,SIR,SIR,Staten Island,SI,Open Cut,-74.073643,40.643748,501,2020-03-17,4579,0
St George,SIR,SIR,Staten Island,SI,Open Cut,-74.073643,40.643748,501,2020-03-18,4110,0
St George,SIR,SIR,Staten Island,SI,Open Cut,-74.073643,40.643748,501,2020-03-19,3506,0
St George,SIR,SIR,Staten Island,SI,Open Cut,-74.073643,40.643748,501,2020-03-20,3103,0
St George,SIR,SIR,Staten Island,SI,Open Cut,-74.073643,40.643748,501,2020-03-21,972,0
St George,SIR,SIR,Staten Island,SI,Open Cut,-74.073643,40.643748,501,2020-03-22,647,0
St George,SIR,SIR,Staten Island,SI,Open Cut,-74.073643,40.643748,501,2020-03-23,1795,0
St George,SIR,SIR,Staten Island,SI,Open Cut,-74.073643,40.643748,501,2020-03-24,1759,0
St George,SIR,SIR,Staten Island,SI,Open Cut,-74.073643,40.643748,501,2020-03-25,1593,0
St George,SIR,SIR,Staten Island,SI,Open Cut,-74.073643,40.643748,501,2020-03-26,1556,0
St George,SIR,SIR,Staten Island,SI,Open Cut,-74.073643,40.643748,501,2020-03-27,1446,0
St George,SIR,SIR,Staten Island,SI,Open Cut,-74.073643,40.643748,501,2020-03-28,604,0
St George,SIR,SIR,Staten Island,SI,Open Cut,-74.073643,40.643748,501,2020-03-29,439,0
St George,SIR,SIR,Staten Island,SI,Open Cut,-74.073643,40.643748,501,2020-03-30,1174,0
St George,SIR,SIR,Staten Island,SI,Open Cut,-74.073643,40.643748,501,2020-03-31,1040,0
St George,SIR,SIR,Staten Island,SI,Open Cut,-74.073643,40.643748,501,2020-04-01,723,0
St George,SIR,SIR,Staten Island,SI,Open Cut,-74.073643,40.643748,501,2020-04-02,873,0
St George,SIR,SIR,Staten Island,SI,Open Cut,-74.073643,40.643748,501,2020-04-03,874,0
St George,SIR,SIR,Staten Island,SI,Open Cut,-74.073643,40.643748,501,2020-04-04,401,0
St George,SIR,SIR,Staten Island,SI,Open Cut,-74.073643,40.643748,501,2020-04-05,359,0
St George,SIR,SIR,Staten Island,SI,Open Cut,-74.073643,40.643748,501,2020-04-06,839,0
St George,SIR,SIR,Staten Island,SI,Open Cut,-74.073643,40.643748,501,2020-04-07,795,0
St George,SIR,SIR,Staten Island,SI,Open Cut,-74.073643,40.643748,501,2020-04-08,767,0
St George,SIR,SIR,Staten Island,SI,Open Cut,-74.073643,40.643748,501,2020-04-09,762,0
St George,SIR,SIR,Staten Island,SI,Open Cut,-74.073643,40.643748,501,2020-04-10,690,0
St George,SIR,SIR,Staten Island,SI,Open Cut,-74.073643,40.643748,501,2020-04-11,346,0
St George,SIR,SIR,Staten Island,SI,Open Cut,-74.073643,40.643748,501,2020-04-12,303,0
St George,SIR,SIR,Staten Island,SI,Open Cut,-74.073643,40.643748,501,2020-04-13,673,0
St George,SIR,SIR,Staten Island,SI,Open Cut,-74.073643,40.643748,501,2020-04-14,735,0
St George,SIR,SIR,Staten Island,SI,Open Cut,-74.073643,40.643748,501,2020-04-15,778,0
St George,SIR,SIR,Staten Island,SI,Open Cut,-74.073643,40.643748,501,2020-04-16,787,0
St George,SIR,SIR,Staten Island,SI,Open Cut,-74.073643,40.643748,501,2020-04-17,756,0
St George,SIR,SIR,Staten Island,SI,Open Cut,-74.073643,40.643748,501,2020-04-18,337,0
St George,SIR,SIR,Staten Island,SI,Open Cut,-74.073643,40.643748,501,2020-04-19,357,0
St George,SIR,SIR,Staten Island,SI,Open Cut,-74.073643,40.643748,501,2020-04-20,794,0
St George,SIR,SIR,Staten Island,SI,Open Cut,-74.073643,40.643748,501,2020-04-21,758,0
St George,SIR,SIR,Staten Island,SI,Open Cut,-74.073643,40.643748,501,2020-04-22,784,0
St George,SIR,SIR,Staten Island,SI,Open Cut,-74.073643,40.643748,501,2020-04-23,782,0
St George,SIR,SIR,Staten Island,SI,Open Cut,-74.073643,40.643748,501,2020-04-24,764,0
St George,SIR,SIR,Staten Island,SI,Open Cut,-74.073643,40.643748,501,2020-04-25,391,0
St George,SIR,SIR,Staten Island,SI,Open Cut,-74.073643,40.643748,501,2020-04-26,303,0
St George,SIR,SIR,Staten Island,SI,Open Cut,-74.073643,40.643748,501,2020-04-27,813,0
St George,SIR,SIR,Staten Island,SI,Open Cut,-74.073643,40.643748,501,2020-04-28,820,0
St George,SIR,SIR,Staten Island,SI,Open Cut,-74.073643,40.643748,501,2020-04-29,830,0
St George,SIR,SIR,Staten Island,SI,Open Cut,-74.073643,40.643748,501,2020-04-30,770,0
St George,SIR,SIR,Staten Island,SI,Open Cut,-74.073643,40.643748,501,2020-05-01,752,0
St George,SIR,SIR,Staten Island,SI,Open Cut,-74.073643,40.643748,501,2020-05-02,404,0
St George,SIR,SIR,Staten Island,SI,Open Cut,-74.073643,40.643748,501,2020-05-03,338,0
St George,SIR,SIR,Staten Island,SI,Open Cut,-74.073643,40.643748,501,2020-05-04,881,0
St George,SIR,SIR,Staten Island,SI,Open Cut,-74.073643,40.643748,501,2020-05-05,865,0
St George,SIR,SIR,Staten Island,SI,Open Cut,-74.073643,40.643748,501,2020-05-06,812,0
St George,SIR,SIR,Staten Island,SI,Open Cut,-74.073643,40.643748,501,2020-05-07,898,0
St George,SIR,SIR,Staten Island,SI,Open Cut,-74.073643,40.643748,501,2020-05-08,825,0
St George,SIR,SIR,Staten Island,SI,Open Cut,-74.073643,40.643748,501,2020-05-09,425,0
St George,SIR,SIR,Staten Island,SI,Open Cut,-74.073643,40.643748,501,2020-05-10,389,0
St George,SIR,SIR,Staten Island,SI,Open Cut,-74.073643,40.643748,501,2020-05-11,886,0
St George,SIR,SIR,Staten Island,SI,Open Cut,-74.073643,40.643748,501,2020-05-12,901,0
St George,SIR,SIR,Staten Island,SI,Open Cut,-74.073643,40.643748,501,2020-05-13,956,0
St George,SIR,SIR,Staten Island,SI,Open Cut,-74.073643,40.643748,501,2020-05-14,944,0
St George,SIR,SIR,Staten Island,SI,Open Cut,-74.073643,40.643748,501,2020-05-15,957,0
St George,SIR,SIR,Staten Island,SI,Open Cut,-74.073643,40.643748,501,2020-05-16,434,0
St George,SIR,SIR,Staten Island,SI,Open Cut,-74.073643,40.643748,501,2020-05-17,374,0
St George,SIR,SIR,Staten Island,SI,Open Cut,-74.073643,40.643748,501,2020-05-18,1043,0
St George,SIR,SIR,Staten Island,SI,Open Cut,-74.073643,40.643748,501,2020-05-19,1068,0
St George,SIR,SIR,Staten Island,SI,Open Cut,-74.073643,40.643748,501,2020-05-20,998,0
St George,SIR,SIR,Staten Island,SI,Open Cut,-74.073643,40.643748,501,2020-05-21,1034,0
St George,SIR,SIR,Staten Island,SI,Open Cut,-74.073643,40.643748,501,2020-05-22,1031,0
St George,SIR,SIR,Staten Island,SI,Open Cut,-74.073643,40.643748,501,2020-05-23,384,0
St George,SIR,SIR,Staten Island,SI,Open Cut,-74.073643,40.643748,501,2020-05-24,349,0
St George,SIR,SIR,Staten Island,SI,Open Cut,-74.073643,40.643748,501,2020-05-25,445,0
St George,SIR,SIR,Staten Island,SI,Open Cut,-74.073643,40.643748,501,2020-05-26,1187,0
St George,SIR,SIR,Staten Island,SI,Open Cut,-74.073643,40.643748,501,2020-05-27,1202,0
St George,SIR,SIR,Staten Island,SI,Open Cut,-74.073643,40.643748,501,2020-05-28,1197,0
St George,SIR,SIR,Staten Island,SI,Open Cut,-74.073643,40.643748,501,2020-05-29,1082,0
St George,SIR,SIR,Staten Island,SI,Open Cut,-74.073643,40.643748,501,2020-05-30,61,0
St George,SIR,SIR,Staten Island,SI,Open Cut,-74.073643,40.643748,501,2020-05-31,36,0
St George,SIR,SIR,Staten Island,SI,Open Cut,-74.073643,40.643748,501,2020-06-01,1325,0
St George,SIR,SIR,Staten Island,SI,Open Cut,-74.073643,40.643748,501,2020-06-02,1612,12
St George,SIR,SIR,Staten Island,SI,Open Cut,-74.073643,40.643748,501,2020-06-03,1260,0
St George,SIR,SIR,Staten Island,SI,Open Cut,-74.073643,40.643748,501,2020-06-04,1301,0
St George,SIR,SIR,Staten Island,SI,Open Cut,-74.073643,40.643748,501,2020-06-05,1211,0
St George,SIR,SIR,Staten Island,SI,Open Cut,-74.073643,40.643748,501,2020-06-06,59,0
St George,SIR,SIR,Staten Island,SI,Open Cut,-74.073643,40.643748,501,2020-06-07,120,0
St George,SIR,SIR,Staten Island,SI,Open Cut,-74.073643,40.643748,501,2020-06-08,1629,0
St George,SIR,SIR,Staten Island,SI,Open Cut,-74.073643,40.643748,501,2020-06-09,1675,0
St George,SIR,SIR,Staten Island,SI,Open Cut,-74.073643,40.643748,501,2020-06-10,1727,0
St George,SIR,SIR,Staten Island,SI,Open Cut,-74.073643,40.643748,501,2020-06-11,1570,0
St George,SIR,SIR,Staten Island,SI,Open Cut,-74.073643,40.643748,501,2020-06-12,1644,0
St George,SIR,SIR,Staten Island,SI,Open Cut,-74.073643,40.643748,501,2020-06-13,46,0
St George,SIR,SIR,Staten Island,SI,Open Cut,-74.073643,40.643748,501,2020-06-14,52,0
St George,SIR,SIR,Staten Island,SI,Open Cut,-74.073643,40.643748,501,2020-06-15,1878,0
St George,SIR,SIR,Staten Island,SI,Open Cut,-74.073643,40.643748,501,2020-06-16,1860,0
St George,SIR,SIR,Staten Island,SI,Open Cut,-74.073643,40.643748,501,2020-06-17,1825,0
St George,SIR,SIR,Staten Island,SI,Open Cut,-74.073643,40.643748,501,2020-06-18,1937,0
St George,SIR,SIR,Staten Island,SI,Open Cut,-74.073643,40.643748,501,2020-06-19,1720,0
St George,SIR,SIR,Staten Island,SI,Open Cut,-74.073643,40.643748,501,2020-06-20,43,17
St George,SIR,SIR,Staten Island,SI,Open Cut,-74.073643,40.643748,501,2020-06-21,29,11
St George,SIR,SIR,Staten Island,SI,Open Cut,-74.073643,40.643748,501,2020-06-22,2029,0
St George,SIR,SIR,Staten Island,SI,Open Cut,-74.073643,40.643748,501,2020-06-23,2195,0
St George,SIR,SIR,Staten Island,SI,Open Cut,-74.073643,40.643748,501,2020-06-24,2125,0
St George,SIR,SIR,Staten Island,SI,Open Cut,-74.073643,40.643748,501,2020-06-25,2185,0
St George,SIR,SIR,Staten Island,SI,Open Cut,-74.073643,40.643748,501,2020-06-26,2044,0
St George,SIR,SIR,Staten Island,SI,Open Cut,-74.073643,40.643748,501,2020-06-27,653,0
St George,SIR,SIR,Staten Island,SI,Open Cut,-74.073643,40.643748,501,2020-06-28,551,0
St George,SIR,SIR,Staten Island,SI,Open Cut,-74.073643,40.643748,501,2020-06-29,2276,0
St George,SIR,SIR,Staten Island,SI,Open Cut,-74.073643,40.643748,501,2020-06-30,2319,0
St George,SIR,SIR,Staten Island,SI,Open Cut,-74.073643,40.643748,501,2020-07-01,2347,0
St George,SIR,SIR,Staten Island,SI,Open Cut,-74.073643,40.643748,501,2020-07-02,2238,12
St George,SIR,SIR,Staten Island,SI,Open Cut,-74.073643,40.643748,501,2020-07-03,1058,0
St George,SIR,SIR,Staten Island,SI,Open Cut,-74.073643,40.643748,501,2020-07-04,649,0
St George,SIR,SIR,Staten Island,SI,Open Cut,-74.073643,40.643748,501,2020-07-05,500,0
St George,SIR,SIR,Staten Island,SI,Open Cut,-74.073643,40.643748,501,2020-07-06,2213,0
St George,SIR,SIR,Staten Island,SI,Open Cut,-74.073643,40.643748,501,2020-07-07,2385,0
St George,SIR,SIR,Staten Island,SI,Open Cut,-74.073643,40.643748,501,2020-07-08,2471,0
St George,SIR,SIR,Staten Island,SI,Open Cut,-74.073643,40.643748,501,2020-07-09,2512,0
St George,SIR,SIR,Staten Island,SI,Open Cut,-74.073643,40.643748,501,2020-07-10,2175,0
St George,SIR,SIR,Staten Island,SI,Open Cut,-74.073643,40.643748,501,2020-07-11,745,0
St George,SIR,SIR,Staten Island,SI,Open Cut,-74.073643,40.643748,501,2020-07-12,720,0
St George,SIR,SIR,Staten Island,SI,Open Cut,-74.073643,40.643748,501,2020-07-13,2494,0
St George,SIR,SIR,Staten Island,SI,Open Cut,-74.073643,40.643748,501,2020-07-14,2658,0
St George,SIR,SIR,Staten Island,SI,Open Cut,-74.073643,40.643748,501,2020-07-15,2699,0
St George,SIR,SIR,Staten Island,SI,Open Cut,-74.073643,40.643748,501,2020-07-16,2737,0
St George,SIR,SIR,Staten Island,SI,Open Cut,-74.073643,40.643748,501,2020-07-17,2432,0
St George,SIR,SIR,Staten Island,SI,Open Cut,-74.073643,40.643748,501,2020-07-18,726,0
St George,SIR,SIR,Staten Island,SI,Open Cut,-74.073643,40.643748,501,2020-07-19,487,0
St George,SIR,SIR,Staten Island,SI,Open Cut,-74.073643,40.643748,501,2020-07-20,2486,0
St George,SIR,SIR,Staten Island,SI,Open Cut,-74.073643,40.643748,501,2020-07-21,2683,0
St George,SIR,SIR,Staten Island,SI,Open Cut,-74.073643,40.643748,501,2020-07-22,2610,0
St George,SIR,SIR,Staten Island,SI,Open Cut,-74.073643,40.643748,501,2020-07-23,2637,0
St George,SIR,SIR,Staten Island,SI,Open Cut,-74.073643,40.643748,501,2020-07-24,2462,0
St George,SIR,SIR,Staten Island,SI,Open Cut,-74.073643,40.643748,501,2020-07-25,710,0
St George,SIR,SIR,Staten Island,SI,Open Cut,-74.073643,40.643748,501,2020-07-26,527,0
St George,SIR,SIR,Staten Island,SI,Open Cut,-74.073643,40.643748,501,2020-07-27,2613,0
St George,SIR,SIR,Staten Island,SI,Open Cut,-74.073643,40.643748,501,2020-07-28,2607,0
St George,SIR,SIR,Staten Island,SI,Open Cut,-74.073643,40.643748,501,2020-07-29,2709,0
St George,SIR,SIR,Staten Island,SI,Open Cut,-74.073643,40.643748,501,2020-07-30,2677,0
St George,SIR,SIR,Staten Island,SI,Open Cut,-74.073643,40.643748,501,2020-07-31,2399,0
St George,SIR,SIR,Staten Island,SI,Open Cut,-74.073643,40.643748,501,2020-08-01,736,0
St George,SIR,SIR,Staten Island,SI,Open Cut,-74.073643,40.643748,501,2020-08-02,528,0
St George,SIR,SIR,Staten Island,SI,Open Cut,-74.073643,40.643748,501,2020-08-03,2675,11
St George,SIR,SIR,Staten Island,SI,Open Cut,-74.073643,40.643748,501,2020-08-04,1400,0
St George,SIR,SIR,Staten Island,SI,Open Cut,-74.073643,40.643748,501,2020-08-05,2601,0
St George,SIR,SIR,Staten Island,SI,Open Cut,-74.073643,40.643748,501,2020-08-06,2802,0
St George,SIR,SIR,Staten Island,SI,Open Cut,-74.073643,40.643748,501,2020-08-07,2468,0
St George,SIR,SIR,Staten Island,SI,Open Cut,-74.073643,40.643748,501,2020-08-08,691,0
St George,SIR,SIR,Staten Island,SI,Open Cut,-74.073643,40.643748,501,2020-08-09,551,0
St George,SIR,SIR,Staten Island,SI,Open Cut,-74.073643,40.643748,501,2020-08-10,2754,0
St George,SIR,SIR,Staten Island,SI,Open Cut,-74.073643,40.643748,501,2020-08-11,2859,0
St George,SIR,SIR,Staten Island,SI,Open Cut,-74.073643,40.643748,501,2020-08-12,2769,0
St George,SIR,SIR,Staten Island,SI,Open Cut,-74.073643,40.643748,501,2020-08-13,2659,0
St George,SIR,SIR,Staten Island,SI,Open Cut,-74.073643,40.643748,501,2020-08-14,2664,0
St George,SIR,SIR,Staten Island,SI,Open Cut,-74.073643,40.643748,501,2020-08-15,807,0
St George,SIR,SIR,Staten Island,SI,Open Cut,-74.073643,40.643748,501,2020-08-16,458,0
St George,SIR,SIR,Staten Island,SI,Open Cut,-74.073643,40.643748,501,2020-08-17,2781,0
St George,SIR,SIR,Staten Island,SI,Open Cut,-74.073643,40.643748,501,2020-08-18,2957,0
St George,SIR,SIR,Staten Island,SI,Open Cut,-74.073643,40.643748,501,2020-08-19,2791,0
St George,SIR,SIR,Staten Island,SI,Open Cut,-74.073643,40.643748,501,2020-08-20,2926,0
St George,SIR,SIR,Staten Island,SI,Open Cut,-74.073643,40.643748,501,2020-08-21,2708,0
St George,SIR,SIR,Staten Island,SI,Open Cut,-74.073643,40.643748,501,2020-08-22,826,0
St George,SIR,SIR,Staten Island,SI,Open Cut,-74.073643,40.643748,501,2020-08-23,611,0
St George,SIR,SIR,Staten Island,SI,Open Cut,-74.073643,40.643748,501,2020-08-24,2748,0
St George,SIR,SIR,Staten Island,SI,Open Cut,-74.073643,40.643748,501,2020-08-25,2820,0
St George,SIR,SIR,Staten Island,SI,Open Cut,-74.073643,40.643748,501,2020-08-26,2976,0
St George,SIR,SIR,Staten Island,SI,Open Cut,-74.073643,40.643748,501,2020-08-27,2820,0
St George,SIR,SIR,Staten Island,SI,Open Cut,-74.073643,40.643748,501,2020-08-28,2706,0
St George,SIR,SIR,Staten Island,SI,Open Cut,-74.073643,40.643748,501,2020-08-29,754,0
St George,SIR,SIR,Staten Island,SI,Open Cut,-74.073643,40.643748,501,2020-08-30,784,0
St George,SIR,SIR,Staten Island,SI,Open Cut,-74.073643,40.643748,501,2020-08-31,3046,0
St George,SIR,SIR,Staten Island,SI,Open Cut,-74.073643,40.643748,501,2020-09-01,3134,0
St George,SIR,SIR,Staten Island,SI,Open Cut,-74.073643,40.643748,501,2020-09-02,3113,6
St George,SIR,SIR,Staten Island,SI,Open Cut,-74.073643,40.643748,501,2020-09-03,3248,0
St George,SIR,SIR,Staten Island,SI,Open Cut,-74.073643,40.643748,501,2020-09-04,3090,0
St George,SIR,SIR,Staten Island,SI,Open Cut,-74.073643,40.643748,501,2020-09-05,54,0
St George,SIR,SIR,Staten Island,SI,Open Cut,-74.073643,40.643748,501,2020-09-06,182,0
St George,SIR,SIR,Staten Island,SI,Open Cut,-74.073643,40.643748,501,2020-09-07,1104,0
St George,SIR,SIR,Staten Island,SI,Open Cut,-74.073643,40.643748,501,2020-09-08,3445,0
St George,SIR,SIR,Staten Island,SI,Open Cut,-74.073643,40.643748,501,2020-09-09,3499,0
St George,SIR,SIR,Staten Island,SI,Open Cut,-74.073643,40.643748,501,2020-09-10,3249,0
St George,SIR,SIR,Staten Island,SI,Open Cut,-74.073643,40.643748,501,2020-09-11,3296,0
St George,SIR,SIR,Staten Island,SI,Open Cut,-74.073643,40.643748,501,2020-09-12,45,0
St George,SIR,SIR,Staten Island,SI,Open Cut,-74.073643,40.643748,501,2020-09-13,10,0
St George,SIR,SIR,Staten Island,SI,Open Cut,-74.073643,40.643748,501,2020-09-14,3424,0
St George,SIR,SIR,Staten Island,SI,Open Cut,-74.073643,40.643748,501,2020-09-15,3569,0
St George,SIR,SIR,Staten Island,SI,Open Cut,-74.073643,40.643748,501,2020-09-16,3360,0
St George,SIR,SIR,Staten Island,SI,Open Cut,-74.073643,40.643748,501,2020-09-17,3480,0
St George,SIR,SIR,Staten Island,SI,Open Cut,-74.073643,40.643748,501,2020-09-18,3220,0
St George,SIR,SIR,Staten Island,SI,Open Cut,-74.073643,40.643748,501,2020-09-19,891,0
St George,SIR,SIR,Staten Island,SI,Open Cut,-74.073643,40.643748,501,2020-09-20,721,0
St George,SIR,SIR,Staten Island,SI,Open Cut,-74.073643,40.643748,501,2020-09-21,3384,0
St George,SIR,SIR,Staten Island,SI,Open Cut,-74.073643,40.643748,501,2020-09-22,3689,0
St George,SIR,SIR,Staten Island,SI,Open Cut,-74.073643,40.643748,501,2020-09-23,3535,0
St George,SIR,SIR,Staten Island,SI,Open Cut,-74.073643,40.643748,501,2020-09-24,3657,0
St George,SIR,SIR,Staten Island,SI,Open Cut,-74.073643,40.643748,501,2020-09-25,3487,0
St George,SIR,SIR,Staten Island,SI,Open Cut,-74.073643,40.643748,501,2020-09-26,36,0
St George,SIR,SIR,Staten Island,SI,Open Cut,-74.073643,40.643748,501,2020-09-27,10,0
St George,SIR,SIR,Staten Island,SI,Open Cut,-74.073643,40.643748,501,2020-09-28,3226,0
St George,SIR,SIR,Staten Island,SI,Open Cut,-74.073643,40.643748,501,2020-09-29,3533,0
St George,SIR,SIR,Staten Island,SI,Open Cut,-74.073643,40.643748,501,2020-09-30,3570,0
St George,SIR,SIR,Staten Island,SI,Open Cut,-74.073643,40.643748,501,2020-10-01,3921,1
St George,SIR,SIR,Staten Island,SI,Open Cut,-74.073643,40.643748,501,2020-10-02,3456,0
St George,SIR,SIR,Staten Island,SI,Open Cut,-74.073643,40.643748,501,2020-10-03,32,0
St George,SIR,SIR,Staten Island,SI,Open Cut,-74.073643,40.643748,501,2020-10-04,699,0
St George,SIR,SIR,Staten Island,SI,Open Cut,-74.073643,40.643748,501,2020-10-05,3460,0
St George,SIR,SIR,Staten Island,SI,Open Cut,-74.073643,40.643748,501,2020-10-06,3675,1
St George,SIR,SIR,Staten Island,SI,Open Cut,-74.073643,40.643748,501,2020-10-07,3669,0
St George,SIR,SIR,Staten Island,SI,Open Cut,-74.073643,40.643748,501,2020-10-08,3730,1
St George,SIR,SIR,Staten Island,SI,Open Cut,-74.073643,40.643748,501,2020-10-09,3430,0
St George,SIR,SIR,Staten Island,SI,Open Cut,-74.073643,40.643748,501,2020-10-10,1287,0
St George,SIR,SIR,Staten Island,SI,Open Cut,-74.073643,40.643748,501,2020-10-11,945,0
St George,SIR,SIR,Staten Island,SI,Open Cut,-74.073643,40.643748,501,2020-10-12,2231,0
St George,SIR,SIR,Staten Island,SI,Open Cut,-74.073643,40.643748,501,2020-10-13,3532,0
St George,SIR,SIR,Staten Island,SI,Open Cut,-74.073643,40.643748,501,2020-10-14,3801,1
St George,SIR,SIR,Staten Island,SI,Open Cut,-74.073643,40.643748,501,2020-10-15,3940,0
St George,SIR,SIR,Staten Island,SI,Open Cut,-74.073643,40.643748,501,2020-10-16,3184,1
St George,SIR,SIR,Staten Island,SI,Open Cut,-74.073643,40.643748,501,2020-10-17,1358,0
St George,SIR,SIR,Staten Island,SI,Open Cut,-74.073643,40.643748,501,2020-10-18,947,0
St George,SIR,SIR,Staten Island,SI,Open Cut,-74.073643,40.643748,501,2020-10-19,3448,0
St George,SIR,SIR,Staten Island,SI,Open Cut,-74.073643,40.643748,501,2020-10-20,3705,1
St George,SIR,SIR,Staten Island,SI,Open Cut,-74.073643,40.643748,501,2020-10-21,3713,0
St George,SIR,SIR,Staten Island,SI,Open Cut,-74.073643,40.643748,501,2020-10-22,3733,1
St George,SIR,SIR,Staten Island,SI,Open Cut,-74.073643,40.643748,501,2020-10-23,3465,0
St George,SIR,SIR,Staten Island,SI,Open Cut,-74.073643,40.643748,501,2020-10-24,29,0
St George,SIR,SIR,Staten Island,SI,Open Cut,-74.073643,40.643748,501,2020-10-25,18,0
St George,SIR,SIR,Staten Island,SI,Open Cut,-74.073643,40.643748,501,2020-10-26,3300,1
St George,SIR,SIR,Staten Island,SI,Open Cut,-74.073643,40.643748,501,2020-10-27,3472,12
St George,SIR,SIR,Staten Island,SI,Open Cut,-74.073643,40.643748,501,2020-10-28,3504,0
St George,SIR,SIR,Staten Island,SI,Open Cut,-74.073643,40.643748,501,2020-10-29,3481,0
St George,SIR,SIR,Staten Island,SI,Open Cut,-74.073643,40.643748,501,2020-10-30,3105,0
St George,SIR,SIR,Staten Island,SI,Open Cut,-74.073643,40.643748,501,2020-10-31,19,0
St George,SIR,SIR,Staten Island,SI,Open Cut,-74.073643,40.643748,501,2020-11-01,2,0
St George,SIR,SIR,Staten Island,SI,Open Cut,-74.073643,40.643748,501,2020-11-02,3338,0
St George,SIR,SIR,Staten Island,SI,Open Cut,-74.073643,40.643748,501,2020-11-03,3110,1
St George,SIR,SIR,Staten Island,SI,Open Cut,-74.073643,40.643748,501,2020-11-04,3290,0
St George,SIR,SIR,Staten Island,SI,Open Cut,-74.073643,40.643748,501,2020-11-05,3666,0
St George,SIR,SIR,Staten Island,SI,Open Cut,-74.073643,40.643748,501,2020-11-06,3355,0
St George,SIR,SIR,Staten Island,SI,Open Cut,-74.073643,40.643748,501,2020-11-07,84,0
St George,SIR,SIR,Staten Island,SI,Open Cut,-74.073643,40.643748,501,2020-11-08,758,0
St George,SIR,SIR,Staten Island,SI,Open Cut,-74.073643,40.643748,501,2020-11-09,3398,0
St George,SIR,SIR,Staten Island,SI,Open Cut,-74.073643,40.643748,501,2020-11-10,3702,1
St George,SIR,SIR,Staten Island,SI,Open Cut,-74.073643,40.643748,501,2020-11-11,2865,0
St George,SIR,SIR,Staten Island,SI,Open Cut,-74.073643,40.643748,501,2020-11-12,3433,0
St George,SIR,SIR,Staten Island,SI,Open Cut,-74.073643,40.643748,501,2020-11-13,3062,0
St George,SIR,SIR,Staten Island,SI,Open Cut,-74.073643,40.643748,501,2020-11-14,74,0
St George,SIR,SIR,Staten Island,SI,Open Cut,-74.073643,40.643748,501,2020-11-15,604,0
St George,SIR,SIR,Staten Island,SI,Open Cut,-74.073643,40.643748,501,2020-11-16,3339,0
St George,SIR,SIR,Staten Island,SI,Open Cut,-74.073643,40.643748,501,2020-11-17,3441,0
St George,SIR,SIR,Staten Island,SI,Open Cut,-74.073643,40.643748,501,2020-11-18,3316,0
St George,SIR,SIR,Staten Island,SI,Open Cut,-74.073643,40.643748,501,2020-11-19,3322,0
St George,SIR,SIR,Staten Island,SI,Open Cut,-74.073643,40.643748,501,2020-11-20,3246,0
St George,SIR,SIR,Staten Island,SI,Open Cut,-74.073643,40.643748,501,2020-11-21,81,0
St George,SIR,SIR,Staten Island,SI,Open Cut,-74.073643,40.643748,501,2020-11-22,71,0
St George,SIR,SIR,Staten Island,SI,Open Cut,-74.073643,40.643748,501,2020-11-23,3045,0
St George,SIR,SIR,Staten Island,SI,Open Cut,-74.073643,40.643748,501,2020-11-24,3246,0
St George,SIR,SIR,Staten Island,SI,Open Cut,-74.073643,40.643748,501,2020-11-25,3044,0
St George,SIR,SIR,Staten Island,SI,Open Cut,-74.073643,40.643748,501,2020-11-26,742,0
St George,SIR,SIR,Staten Island,SI,Open Cut,-74.073643,40.643748,501,2020-11-27,1868,0
St George,SIR,SIR,Staten Island,SI,Open Cut,-74.073643,40.643748,501,2020-11-28,1039,0
St George,SIR,SIR,Staten Island,SI,Open Cut,-74.073643,40.643748,501,2020-11-29,751,0
St George,SIR,SIR,Staten Island,SI,Open Cut,-74.073643,40.643748,501,2020-11-30,2892,0
St George,SIR,SIR,Staten Island,SI,Open Cut,-74.073643,40.643748,501,2020-12-01,3317,10
St George,SIR,SIR,Staten Island,SI,Open Cut,-74.073643,40.643748,501,2020-12-02,3229,0
St George,SIR,SIR,Staten Island,SI,Open Cut,-74.073643,40.643748,501,2020-12-03,3182,0
St George,SIR,SIR,Staten Island,SI,Open Cut,-74.073643,40.643748,501,2020-12-04,2896,0
St George,SIR,SIR,Staten Island,SI,Open Cut,-74.073643,40.643748,501,2020-12-05,874,0
St George,SIR,SIR,Staten Island,SI,Open Cut,-74.073643,40.643748,501,2020-12-06,807,0
St George,SIR,SIR,Staten Island,SI,Open Cut,-74.073643,40.643748,501,2020-12-07,3018,0
St George,SIR,SIR,Staten Island,SI,Open Cut,-74.073643,40.643748,501,2020-12-08,3050,0
St George,SIR,SIR,Staten Island,SI,Open Cut,-74.073643,40.643748,501,2020-12-09,3069,0
St George,SIR,SIR,Staten Island,SI,Open Cut,-74.073643,40.643748,501,2020-12-10,3183,0
St George,SIR,SIR,Staten Island,SI,Open Cut,-74.073643,40.643748,501,2020-12-11,3038,0
St George,SIR,SIR,Staten Island,SI,Open Cut,-74.073643,40.643748,501,2020-12-12,72,0
St George,SIR,SIR,Staten Island,SI,Open Cut,-74.073643,40.643748,501,2020-12-13,66,0
St George,SIR,SIR,Staten Island,SI,Open Cut,-74.073643,40.643748,501,2020-12-14,2835,0
St George,SIR,SIR,Staten Island,SI,Open Cut,-74.073643,40.643748,501,2020-12-15,3180,0
St George,SIR,SIR,Staten Island,SI,Open Cut,-74.073643,40.643748,501,2020-12-16,2812,0
St George,SIR,SIR,Staten Island,SI,Open Cut,-74.073643,40.643748,501,2020-12-17,1654,0
St George,SIR,SIR,Staten Island,SI,Open Cut,-74.073643,40.643748,501,2020-12-18,2838,0
St George,SIR,SIR,Staten Island,SI,Open Cut,-74.073643,40.643748,501,2020-12-19,68,0
St George,SIR,SIR,Staten Island,SI,Open Cut,-74.073643,40.643748,501,2020-12-20,658,0
St George,SIR,SIR,Staten Island,SI,Open Cut,-74.073643,40.643748,501,2020-12-21,3082,0
St George,SIR,SIR,Staten Island,SI,Open Cut,-74.073643,40.643748,501,2020-12-22,3020,0
St George,SIR,SIR,Staten Island,SI,Open Cut,-74.073643,40.643748,501,2020-12-23,3000,0
St George,SIR,SIR,Staten Island,SI,Open Cut,-74.073643,40.643748,501,2020-12-24,2110,0
St George,SIR,SIR,Staten Island,SI,Open Cut,-74.073643,40.643748,501,2020-12-25,647,0
Tompkinsville,SIR,SIR,Staten Island,SI,At Grade,-74.074835,40.636949,502,2020-01-01,199,0
Tompkinsville,SIR,SIR,Staten Island,SI,At Grade,-74.074835,40.636949,502,2020-01-02,634,0
Tompkinsville,SIR,SIR,Staten Island,SI,At Grade,-74.074835,40.636949,502,2020-01-03,650,0
Tompkinsville,SIR,SIR,Staten Island,SI,At Grade,-74.074835,40.636949,502,2020-01-04,8,0
Tompkinsville,SIR,SIR,Staten Island,SI,At Grade,-74.074835,40.636949,502,2020-01-05,65,0
Tompkinsville,SIR,SIR,Staten Island,SI,At Grade,-74.074835,40.636949,502,2020-01-06,644,0
Tompkinsville,SIR,SIR,Staten Island,SI,At Grade,-74.074835,40.636949,502,2020-01-07,711,0
Tompkinsville,SIR,SIR,Staten Island,SI,At Grade,-74.074835,40.636949,502,2020-01-08,677,0
Tompkinsville,SIR,SIR,Staten Island,SI,At Grade,-74.074835,40.636949,502,2020-01-09,624,0
Tompkinsville,SIR,SIR,Staten Island,SI,At Grade,-74.074835,40.636949,502,2020-01-10,732,0
Tompkinsville,SIR,SIR,Staten Island,SI,At Grade,-74.074835,40.636949,502,2020-01-11,6,0
Tompkinsville,SIR,SIR,Staten Island,SI,At Grade,-74.074835,40.636949,502,2020-01-12,4,0
Tompkinsville,SIR,SIR,Staten Island,SI,At Grade,-74.074835,40.636949,502,2020-01-13,637,0
Tompkinsville,SIR,SIR,Staten Island,SI,At Grade,-74.074835,40.636949,502,2020-01-14,710,0
Tompkinsville,SIR,SIR,Staten Island,SI,At Grade,-74.074835,40.636949,502,2020-01-15,703,0
Tompkinsville,SIR,SIR,Staten Island,SI,At Grade,-74.074835,40.636949,502,2020-01-16,682,0
Tompkinsville,SIR,SIR,Staten Island,SI,At Grade,-74.074835,40.636949,502,2020-01-17,666,0
Tompkinsville,SIR,SIR,Staten Island,SI,At Grade,-74.074835,40.636949,502,2020-01-18,5,0
Tompkinsville,SIR,SIR,Staten Island,SI,At Grade,-74.074835,40.636949,502,2020-01-19,35,0
Tompkinsville,SIR,SIR,Staten Island,SI,At Grade,-74.074835,40.636949,502,2020-01-20,375,0
Tompkinsville,SIR,SIR,Staten Island,SI,At Grade,-74.074835,40.636949,502,2020-01-21,647,0
Tompkinsville,SIR,SIR,Staten Island,SI,At Grade,-74.074835,40.636949,502,2020-01-22,659,0
Tompkinsville,SIR,SIR,Staten Island,SI,At Grade,-74.074835,40.636949,502,2020-01-23,683,0
Tompkinsville,SIR,SIR,Staten Island,SI,At Grade,-74.074835,40.636949,502,2020-01-24,699,0
Tompkinsville,SIR,SIR,Staten Island,SI,At Grade,-74.074835,40.636949,502,2020-01-25,3,0
Tompkinsville,SIR,SIR,Staten Island,SI,At Grade,-74.074835,40.636949,502,2020-01-26,0,0
Tompkinsville,SIR,SIR,Staten Island,SI,At Grade,-74.074835,40.636949,502,2020-01-27,645,0
Tompkinsville,SIR,SIR,Staten Island,SI,At Grade,-74.074835,40.636949,502,2020-01-28,708,0
Tompkinsville,SIR,SIR,Staten Island,SI,At Grade,-74.074835,40.636949,502,2020-01-29,723,0
Tompkinsville,SIR,SIR,Staten Island,SI,At Grade,-74.074835,40.636949,502,2020-01-30,688,0
Tompkinsville,SIR,SIR,Staten Island,SI,At Grade,-74.074835,40.636949,502,2020-01-31,718,0
Tompkinsville,SIR,SIR,Staten Island,SI,At Grade,-74.074835,40.636949,502,2020-02-01,1,0
Tompkinsville,SIR,SIR,Staten Island,SI,At Grade,-74.074835,40.636949,502,2020-02-02,0,0
Tompkinsville,SIR,SIR,Staten Island,SI,At Grade,-74.074835,40.636949,502,2020-02-03,680,0
Tompkinsville,SIR,SIR,Staten Island,SI,At Grade,-74.074835,40.636949,502,2020-02-04,730,0
Tompkinsville,SIR,SIR,Staten Island,SI,At Grade,-74.074835,40.636949,502,2020-02-05,699,0
Tompkinsville,SIR,SIR,Staten Island,SI,At Grade,-74.074835,40.636949,502,2020-02-06,681,0
Tompkinsville,SIR,SIR,Staten Island,SI,At Grade,-74.074835,40.636949,502,2020-02-07,682,0
Tompkinsville,SIR,SIR,Staten Island,SI,At Grade,-74.074835,40.636949,502,2020-02-08,4,0
Tompkinsville,SIR,SIR,Staten Island,SI,At Grade,-74.074835,40.636949,502,2020-02-09,1,0
Tompkinsville,SIR,SIR,Staten Island,SI,At Grade,-74.074835,40.636949,502,2020-02-10,636,0
Tompkinsville,SIR,SIR,Staten Island,SI,At Grade,-74.074835,40.636949,502,2020-02-11,674,0
Tompkinsville,SIR,SIR,Staten Island,SI,At Grade,-74.074835,40.636949,502,2020-02-12,720,0
Tompkinsville,SIR,SIR,Staten Island,SI,At Grade,-74.074835,40.636949,502,2020-02-13,654,0
Tompkinsville,SIR,SIR,Staten Island,SI,At Grade,-74.074835,40.636949,502,2020-02-14,690,0
Tompkinsville,SIR,SIR,Staten Island,SI,At Grade,-74.074835,40.636949,502,2020-02-15,7,0
Tompkinsville,SIR,SIR,Staten Island,SI,At Grade,-74.074835,40.636949,502,2020-02-16,8,0
Tompkinsville,SIR,SIR,Staten Island,SI,At Grade,-74.074835,40.636949,502,2020-02-17,406,0
Tompkinsville,SIR,SIR,Staten Island,SI,At Grade,-74.074835,40.636949,502,2020-02-18,618,0
Tompkinsville,SIR,SIR,Staten Island,SI,At Grade,-74.074835,40.636949,502,2020-02-19,590,0
Tompkinsville,SIR,SIR,Staten Island,SI,At Grade,-74.074835,40.636949,502,2020-02-20,621,0
Tompkinsville,SIR,SIR,Staten Island,SI,At Grade,-74.074835,40.636949,502,2020-02-21,592,0
Tompkinsville,SIR,SIR,Staten Island,SI,At Grade,-74.074835,40.636949,502,2020-02-22,226,0
Tompkinsville,SIR,SIR,Staten Island,SI,At Grade,-74.074835,40.636949,502,2020-02-23,229,0
Tompkinsville,SIR,SIR,Staten Island,SI,At Grade,-74.074835,40.636949,502,2020-02-24,686,0
Tompkinsville,SIR,SIR,Staten Island,SI,At Grade,-74.074835,40.636949,502,2020-02-25,666,0
Tompkinsville,SIR,SIR,Staten Island,SI,At Grade,-74.074835,40.636949,502,2020-02-26,713,0
Tompkinsville,SIR,SIR,Staten Island,SI,At Grade,-74.074835,40.636949,502,2020-02-27,704,0
Tompkinsville,SIR,SIR,Staten Island,SI,At Grade,-74.074835,40.636949,502,2020-02-28,725,0
Tompkinsville,SIR,SIR,Staten Island,SI,At Grade,-74.074835,40.636949,502,2020-02-29,262,0
Tompkinsville,SIR,SIR,Staten Island,SI,At Grade,-74.074835,40.636949,502,2020-03-01,175,0
Tompkinsville,SIR,SIR,Staten Island,SI,At Grade,-74.074835,40.636949,502,2020-03-02,654,0
Tompkinsville,SIR,SIR,Staten Island,SI,At Grade,-74.074835,40.636949,502,2020-03-03,708,0
Tompkinsville,SIR,SIR,Staten Island,SI,At Grade,-74.074835,40.636949,502,2020-03-04,697,0
Tompkinsville,SIR,SIR,Staten Island,SI,At Grade,-74.074835,40.636949,502,2020-03-05,686,0
Tompkinsville,SIR,SIR,Staten Island,SI,At Grade,-74.074835,40.636949,502,2020-03-06,660,0
Tompkinsville,SIR,SIR,Staten Island,SI,At Grade,-74.074835,40.636949,502,2020-03-07,275,0
Tompkinsville,SIR,SIR,Staten Island,SI,At Grade,-74.074835,40.636949,502,2020-03-08,176,0
Tompkinsville,SIR,SIR,Staten Island,SI,At Grade,-74.074835,40.636949,502,2020-03-09,717,0
Tompkinsville,SIR,SIR,Staten Island,SI,At Grade,-74.074835,40.636949,502,2020-03-10,678,1
Tompkinsville,SIR,SIR,Staten Island,SI,At Grade,-74.074835,40.636949,502,2020-03-11,698,0
Tompkinsville,SIR,SIR,Staten Island,SI,At Grade,-74.074835,40.636949,502,2020-03-12,669,0
Tompkinsville,SIR,SIR,Staten Island,SI,At Grade,-74.074835,40.636949,502,2020-03-13,552,0
Tompkinsville,SIR,SIR,Staten Island,SI,At Grade,-74.074835,40.636949,502,2020-03-14,364,0
Tompkinsville,SIR,SIR,Staten Island,SI,At Grade,-74.074835,40.636949,502,2020-03-15,226,0
Tompkinsville,SIR,SIR,Staten Island,SI,At Grade,-74.074835,40.636949,502,2020-03-16,443,0
Tompkinsville,SIR,SIR,Staten Island,SI,At Grade,-74.074835,40.636949,502,2020-03-17,407,0
Tompkinsville,SIR,SIR,Staten Island,SI,At Grade,-74.074835,40.636949,502,2020-03-18,409,0
Tompkinsville,SIR,SIR,Staten Island,SI,At Grade,-74.074835,40.636949,502,2020-03-19,322,0
Tompkinsville,SIR,SIR,Staten Island,SI,At Grade,-74.074835,40.636949,502,2020-03-20,341,0
Tompkinsville,SIR,SIR,Staten Island,SI,At Grade,-74.074835,40.636949,502,2020-03-21,231,0
Tompkinsville,SIR,SIR,Staten Island,SI,At Grade,-74.074835,40.636949,502,2020-03-22,134,0
Tompkinsville,SIR,SIR,Staten Island,SI,At Grade,-74.074835,40.636949,502,2020-03-23,159,0
Tompkinsville,SIR,SIR,Staten Island,SI,At Grade,-74.074835,40.636949,502,2020-03-24,209,0
Tompkinsville,SIR,SIR,Staten Island,SI,At Grade,-74.074835,40.636949,502,2020-03-25,210,0
Tompkinsville,SIR,SIR,Staten Island,SI,At Grade,-74.074835,40.636949,502,2020-03-26,228,0
Tompkinsville,SIR,SIR,Staten Island,SI,At Grade,-74.074835,40.636949,502,2020-03-27,248,0
Tompkinsville,SIR,SIR,Staten Island,SI,At Grade,-74.074835,40.636949,502,2020-03-28,140,0
Tompkinsville,SIR,SIR,Staten Island,SI,At Grade,-74.074835,40.636949,502,2020-03-29,91,0
Tompkinsville,SIR,SIR,Staten Island,SI,At Grade,-74.074835,40.636949,502,2020-03-30,158,0
Tompkinsville,SIR,SIR,Staten Island,SI,At Grade,-74.074835,40.636949,502,2020-03-31,165,0
Tompkinsville,SIR,SIR,Staten Island,SI,At Grade,-74.074835,40.636949,502,2020-04-01,122,0
Tompkinsville,SIR,SIR,Staten Island,SI,At Grade,-74.074835,40.636949,502,2020-04-02,149,0
Tompkinsville,SIR,SIR,Staten Island,SI,At Grade,-74.074835,40.636949,502,2020-04-03,142,1
Tompkinsville,SIR,SIR,Staten Island,SI,At Grade,-74.074835,40.636949,502,2020-04-04,105,0
Tompkinsville,SIR,SIR,Staten Island,SI,At Grade,-74.074835,40.636949,502,2020-04-05,79,0
Tompkinsville,SIR,SIR,Staten Island,SI,At Grade,-74.074835,40.636949,502,2020-04-06,119,0
Tompkinsville,SIR,SIR,Staten Island,SI,At Grade,-74.074835,40.636949,502,2020-04-07,95,0
Tompkinsville,SIR,SIR,Staten Island,SI,At Grade,-74.074835,40.636949,502,2020-04-08,101,0
Tompkinsville,SIR,SIR,Staten Island,SI,At Grade,-74.074835,40.636949,502,2020-04-09,32,0
Tompkinsville,SIR,SIR,Staten Island,SI,At Grade,-74.074835,40.636949,502,2020-04-11,93,0
Tompkinsville,SIR,SIR,Staten Island,SI,At Grade,-74.074835,40.636949,502,2020-04-12,58,0
Tompkinsville,SIR,SIR,Staten Island,SI,At Grade,-74.074835,40.636949,502,2020-04-13,80,0
Tompkinsville,SIR,SIR,Staten Island,SI,At Grade,-74.074835,40.636949,502,2020-04-14,124,0
Tompkinsville,SIR,SIR,Staten Island,SI,At Grade,-74.074835,40.636949,502,2020-04-15,130,0
Tompkinsville,SIR,SIR,Staten Island,SI,At Grade,-74.074835,40.636949,502,2020-04-16,118,0
Tompkinsville,SIR,SIR,Staten Island,SI,At Grade,-74.074835,40.636949,502,2020-04-17,102,0
Tompkinsville,SIR,SIR,Staten Island,SI,At Grade,-74.074835,40.636949,502,2020-04-18,78,0
Tompkinsville,SIR,SIR,Staten Island,SI,At Grade,-74.074835,40.636949,502,2020-04-19,60,0
Tompkinsville,SIR,SIR,Staten Island,SI,At Grade,-74.074835,40.636949,502,2020-04-20,126,0
Tompkinsville,SIR,SIR,Staten Island,SI,At Grade,-74.074835,40.636949,502,2020-04-21,112,0
Tompkinsville,SIR,SIR,Staten Island,SI,At Grade,-74.074835,40.636949,502,2020-04-22,125,0
Tompkinsville,SIR,SIR,Staten Island,SI,At Grade,-74.074835,40.636949,502,2020-04-23,128,0
Tompkinsville,SIR,SIR,Staten Island,SI,At Grade,-74.074835,40.636949,502,2020-04-24,90,0
Tompkinsville,SIR,SIR,Staten Island,SI,At Grade,-74.074835,40.636949,502,2020-04-25,112,0
Tompkinsville,SIR,SIR,Staten Island,SI,At Grade,-74.074835,40.636949,502,2020-04-26,68,0
Tompkinsville,SIR,SIR,Staten Island,SI,At Grade,-74.074835,40.636949,502,2020-04-27,126,0
Tompkinsville,SIR,SIR,Staten Island,SI,At Grade,-74.074835,40.636949,502,2020-04-28,154,0
Tompkinsville,SIR,SIR,Staten Island,SI,At Grade,-74.074835,40.636949,502,2020-04-29,121,0
Tompkinsville,SIR,SIR,Staten Island,SI,At Grade,-74.074835,40.636949,502,2020-04-30,125,0
Tompkinsville,SIR,SIR,Staten Island,SI,At Grade,-74.074835,40.636949,502,2020-05-01,122,0
Tompkinsville,SIR,SIR,Staten Island,SI,At Grade,-74.074835,40.636949,502,2020-05-02,122,0
Tompkinsville,SIR,SIR,Staten Island,SI,At Grade,-74.074835,40.636949,502,2020-05-03,74,0
Tompkinsville,SIR,SIR,Staten Island,SI,At Grade,-74.074835,40.636949,502,2020-05-04,168,0
Tompkinsville,SIR,SIR,Staten Island,SI,At Grade,-74.074835,40.636949,502,2020-05-05,153,0
Tompkinsville,SIR,SIR,Staten Island,SI,At Grade,-74.074835,40.636949,502,2020-05-06,145,0
Tompkinsville,SIR,SIR,Staten Island,SI,At Grade,-74.074835,40.636949,502,2020-05-07,158,0
Tompkinsville,SIR,SIR,Staten Island,SI,At Grade,-74.074835,40.636949,502,2020-05-08,134,0
Tompkinsville,SIR,SIR,Staten Island,SI,At Grade,-74.074835,40.636949,502,2020-05-09,115,0
Tompkinsville,SIR,SIR,Staten Island,SI,At Grade,-74.074835,40.636949,502,2020-05-10,82,0
Tompkinsville,SIR,SIR,Staten Island,SI,At Grade,-74.074835,40.636949,502,2020-05-11,118,0
Tompkinsville,SIR,SIR,Staten Island,SI,At Grade,-74.074835,40.636949,502,2020-05-12,147,0
Tompkinsville,SIR,SIR,Staten Island,SI,At Grade,-74.074835,40.636949,502,2020-05-13,159,0
Tompkinsville,SIR,SIR,Staten Island,SI,At Grade,-74.074835,40.636949,502,2020-05-14,159,0
Tompkinsville,SIR,SIR,Staten Island,SI,At Grade,-74.074835,40.636949,502,2020-05-15,168,0
Tompkinsville,SIR,SIR,Staten Island,SI,At Grade,-74.074835,40.636949,502,2020-05-16,117,0
Tompkinsville,SIR,SIR,Staten Island,SI,At Grade,-74.074835,40.636949,502,2020-05-17,73,0
Tompkinsville,SIR,SIR,Staten Island,SI,At Grade,-74.074835,40.636949,502,2020-05-18,144,0
Tompkinsville,SIR,SIR,Staten Island,SI,At Grade,-74.074835,40.636949,502,2020-05-19,152,0
Tompkinsville,SIR,SIR,Staten Island,SI,At Grade,-74.074835,40.636949,502,2020-05-20,171,0
Tompkinsville,SIR,SIR,Staten Island,SI,At Grade,-74.074835,40.636949,502,2020-05-21,172,0
Tompkinsville,SIR,SIR,Staten Island,SI,At Grade,-74.074835,40.636949,502,2020-05-22,160,0
Tompkinsville,SIR,SIR,Staten Island,SI,At Grade,-74.074835,40.636949,502,2020-05-23,97,0
Tompkinsville,SIR,SIR,Staten Island,SI,At Grade,-74.074835,40.636949,502,2020-05-24,68,0
Tompkinsville,SIR,SIR,Staten Island,SI,At Grade,-74.074835,40.636949,502,2020-05-25,86,0
Tompkinsville,SIR,SIR,Staten Island,SI,At Grade,-74.074835,40.636949,502,2020-05-26,184,0
Tompkinsville,SIR,SIR,Staten Island,SI,At Grade,-74.074835,40.636949,502,2020-05-27,183,0
Tompkinsville,SIR,SIR,Staten Island,SI,At Grade,-74.074835,40.636949,502,2020-05-28,186,0
Tompkinsville,SIR,SIR,Staten Island,SI,At Grade,-74.074835,40.636949,502,2020-05-29,147,0
Tompkinsville,SIR,SIR,Staten Island,SI,At Grade,-74.074835,40.636949,502,2020-05-30,25,0
Tompkinsville,SIR,SIR,Staten Island,SI,At Grade,-74.074835,40.636949,502,2020-05-31,5,0
Tompkinsville,SIR,SIR,Staten Island,SI,At Grade,-74.074835,40.636949,502,2020-06-01,161,0
Tompkinsville,SIR,SIR,Staten Island,SI,At Grade,-74.074835,40.636949,502,2020-06-02,176,0
Tompkinsville,SIR,SIR,Staten Island,SI,At Grade,-74.074835,40.636949,502,2020-06-03,189,0
Tompkinsville,SIR,SIR,Staten Island,SI,At Grade,-74.074835,40.636949,502,2020-06-04,178,0
Tompkinsville,SIR,SIR,Staten Island,SI,At Grade,-74.074835,40.636949,502,2020-06-05,197,0
Tompkinsville,SIR,SIR,Staten Island,SI,At Grade,-74.074835,40.636949,502,2020-06-06,14,0
Tompkinsville,SIR,SIR,Staten Island,SI,At Grade,-74.074835,40.636949,502,2020-06-07,13,0
Tompkinsville,SIR,SIR,Staten Island,SI,At Grade,-74.074835,40.636949,502,2020-06-08,160,0
Tompkinsville,SIR,SIR,Staten Island,SI,At Grade,-74.074835,40.636949,502,2020-06-09,197,0
Tompkinsville,SIR,SIR,Staten Island,SI,At Grade,-74.074835,40.636949,502,2020-06-10,196,0
Tompkinsville,SIR,SIR,Staten Island,SI,At Grade,-74.074835,40.636949,502,2020-06-11,185,0
Tompkinsville,SIR,SIR,Staten Island,SI,At Grade,-74.074835,40.636949,502,2020-06-12,187,0
Tompkinsville,SIR,SIR,Staten Island,SI,At Grade,-74.074835,40.636949,502,2020-06-13,14,0
Tompkinsville,SIR,SIR,Staten Island,SI,At Grade,-74.074835,40.636949,502,2020-06-14,0,0
Tompkinsville,SIR,SIR,Staten Island,SI,At Grade,-74.074835,40.636949,502,2020-06-15,173,0
Tompkinsville,SIR,SIR,Staten Island,SI,At Grade,-74.074835,40.636949,502,2020-06-16,218,0
Tompkinsville,SIR,SIR,Staten Island,SI,At Grade,-74.074835,40.636949,502,2020-06-17,193,0
Tompkinsville,SIR,SIR,Staten Island,SI,At Grade,-74.074835,40.636949,502,2020-06-18,209,0
Tompkinsville,SIR,SIR,Staten Island,SI,At Grade,-74.074835,40.636949,502,2020-06-19,189,0
Tompkinsville,SIR,SIR,Staten Island,SI,At Grade,-74.074835,40.636949,502,2020-06-20,13,0
Tompkinsville,SIR,SIR,Staten Island,SI,At Grade,-74.074835,40.636949,502,2020-06-21,8,0
Tompkinsville,SIR,SIR,Staten Island,SI,At Grade,-74.074835,40.636949,502,2020-06-22,182,0
Tompkinsville,SIR,SIR,Staten Island,SI,At Grade,-74.074835,40.636949,502,2020-06-23,193,0
Tompkinsville,SIR,SIR,Staten Island,SI,At Grade,-74.074835,40.636949,502,2020-06-24,238,0
Tompkinsville,SIR,SIR,Staten Island,SI,At Grade,-74.074835,40.636949,502,2020-06-25,215,0
Tompkinsville,SIR,SIR,Staten Island,SI,At Grade,-74.074835,40.636949,502,2020-06-26,242,0
Tompkinsville,SIR,SIR,Staten Island,SI,At Grade,-74.074835,40.636949,502,2020-06-27,90,0
Tompkinsville,SIR,SIR,Staten Island,SI,At Grade,-74.074835,40.636949,502,2020-06-28,79,0
Tompkinsville,SIR,SIR,Staten Island,SI,At Grade,-74.074835,40.636949,502,2020-06-29,192,0
Tompkinsville,SIR,SIR,Staten Island,SI,At Grade,-74.074835,40.636949,502,2020-06-30,234,0
Tompkinsville,SIR,SIR,Staten Island,SI,At Grade,-74.074835,40.636949,502,2020-07-01,257,0
Tompkinsville,SIR,SIR,Staten Island,SI,At Grade,-74.074835,40.636949,502,2020-07-02,301,0
Tompkinsville,SIR,SIR,Staten Island,SI,At Grade,-74.074835,40.636949,502,2020-07-03,193,0
Tompkinsville,SIR,SIR,Staten Island,SI,At Grade,-74.074835,40.636949,502,2020-07-04,98,0
Tompkinsville,SIR,SIR,Staten Island,SI,At Grade,-74.074835,40.636949,502,2020-07-05,63,0
Tompkinsville,SIR,SIR,Staten Island,SI,At Grade,-74.074835,40.636949,502,2020-07-06,187,0
Tompkinsville,SIR,SIR,Staten Island,SI,At Grade,-74.074835,40.636949,502,2020-07-07,224,0
Tompkinsville,SIR,SIR,Staten Island,SI,At Grade,-74.074835,40.636949,502,2020-07-08,229,0
Tompkinsville,SIR,SIR,Staten Island,SI,At Grade,-74.074835,40.636949,502,2020-07-09,243,0
Tompkinsville,SIR,SIR,Staten Island,SI,At Grade,-74.074835,40.636949,502,2020-07-10,192,0
Tompkinsville,SIR,SIR,Staten Island,SI,At Grade,-74.074835,40.636949,502,2020-07-11,129,0
Tompkinsville,SIR,SIR,Staten Island,SI,At Grade,-74.074835,40.636949,502,2020-07-12,88,0
Tompkinsville,SIR,SIR,Staten Island,SI,At Grade,-74.074835,40.636949,502,2020-07-13,236,0
Tompkinsville,SIR,SIR,Staten Island,SI,At Grade,-74.074835,40.636949,502,2020-07-14,245,0
Tompkinsville,SIR,SIR,Staten Island,SI,At Grade,-74.074835,40.636949,502,2020-07-15,242,0
Tompkinsville,SIR,SIR,Staten Island,SI,At Grade,-74.074835,40.636949,502,2020-07-16,284,0
Tompkinsville,SIR,SIR,Staten Island,SI,At Grade,-74.074835,40.636949,502,2020-07-17,211,0
Tompkinsville,SIR,SIR,Staten Island,SI,At Grade,-74.074835,40.636949,502,2020-07-18,106,0
Tompkinsville,SIR,SIR,Staten Island,SI,At Grade,-74.074835,40.636949,502,2020-07-19,66,0
Tompkinsville,SIR,SIR,Staten Island,SI,At Grade,-74.074835,40.636949,502,2020-07-20,191,0
Tompkinsville,SIR,SIR,Staten Island,SI,At Grade,-74.074835,40.636949,502,2020-07-21,260,0
Tompkinsville,SIR,SIR,Staten Island,SI,At Grade,-74.074835,40.636949,502,2020-07-22,242,0
Tompkinsville,SIR,SIR,Staten Island,SI,At Grade,-74.074835,40.636949,502,2020-07-23,226,0
Tompkinsville,SIR,SIR,Staten Island,SI,At Grade,-74.074835,40.636949,502,2020-07-24,234,0
Tompkinsville,SIR,SIR,Staten Island,SI,At Grade,-74.074835,40.636949,502,2020-07-25,107,0
Tompkinsville,SIR,SIR,Staten Island,SI,At Grade,-74.074835,40.636949,502,2020-07-26,59,0
Tompkinsville,SIR,SIR,Staten Island,SI,At Grade,-74.074835,40.636949,502,2020-07-27,187,0
Tompkinsville,SIR,SIR,Staten Island,SI,At Grade,-74.074835,40.636949,502,2020-07-28,199,0
Tompkinsville,SIR,SIR,Staten Island,SI,At Grade,-74.074835,40.636949,502,2020-07-29,217,0
Tompkinsville,SIR,SIR,Staten Island,SI,At Grade,-74.074835,40.636949,502,2020-07-30,225,0
Tompkinsville,SIR,SIR,Staten Island,SI,At Grade,-74.074835,40.636949,502,2020-07-31,193,0
Tompkinsville,SIR,SIR,Staten Island,SI,At Grade,-74.074835,40.636949,502,2020-08-01,115,0
Tompkinsville,SIR,SIR,Staten Island,SI,At Grade,-74.074835,40.636949,502,2020-08-02,63,0
Tompkinsville,SIR,SIR,Staten Island,SI,At Grade,-74.074835,40.636949,502,2020-08-03,226,0
Tompkinsville,SIR,SIR,Staten Island,SI,At Grade,-74.074835,40.636949,502,2020-08-04,121,0
Tompkinsville,SIR,SIR,Staten Island,SI,At Grade,-74.074835,40.636949,502,2020-08-05,226,0
Tompkinsville,SIR,SIR,Staten Island,SI,At Grade,-74.074835,40.636949,502,2020-08-06,244,0
Tompkinsville,SIR,SIR,Staten Island,SI,At Grade,-74.074835,40.636949,502,2020-08-07,213,0
Tompkinsville,SIR,SIR,Staten Island,SI,At Grade,-74.074835,40.636949,502,2020-08-08,91,0
Tompkinsville,SIR,SIR,Staten Island,SI,At Grade,-74.074835,40.636949,502,2020-08-09,52,0
Tompkinsville,SIR,SIR,Staten Island,SI,At Grade,-74.074835,40.636949,502,2020-08-10,191,0
Tompkinsville,SIR,SIR,Staten Island,SI,At Grade,-74.074835,40.636949,502,2020-08-11,247,0
Tompkinsville,SIR,SIR,Staten Island,SI,At Grade,-74.074835,40.636949,502,2020-08-12,216,0
Tompkinsville,SIR,SIR,Staten Island,SI,At Grade,-74.074835,40.636949,502,2020-08-13,203,0
Tompkinsville,SIR,SIR,Staten Island,SI,At Grade,-74.074835,40.636949,502,2020-08-14,239,0
Tompkinsville,SIR,SIR,Staten Island,SI,At Grade,-74.074835,40.636949,502,2020-08-15,129,0
Tompkinsville,SIR,SIR,Staten Island,SI,At Grade,-74.074835,40.636949,502,2020-08-16,48,0
Tompkinsville,SIR,SIR,Staten Island,SI,At Grade,-74.074835,40.636949,502,2020-08-17,190,0
Tompkinsville,SIR,SIR,Staten Island,SI,At Grade,-74.074835,40.636949,502,2020-08-18,255,0
Tompkinsville,SIR,SIR,Staten Island,SI,At Grade,-74.074835,40.636949,502,2020-08-19,202,0
Tompkinsville,SIR,SIR,Staten Island,SI,At Grade,-74.074835,40.636949,502,2020-08-20,242,0
Tompkinsville,SIR,SIR,Staten Island,SI,At Grade,-74.074835,40.636949,502,2020-08-21,249,0
Tompkinsville,SIR,SIR,Staten Island,SI,At Grade,-74.074835,40.636949,502,2020-08-22,112,0
Tompkinsville,SIR,SIR,Staten Island,SI,At Grade,-74.074835,40.636949,502,2020-08-23,74,0
Tompkinsville,SIR,SIR,Staten Island,SI,At Grade,-74.074835,40.636949,502,2020-08-24,208,0
Tompkinsville,SIR,SIR,Staten Island,SI,At Grade,-74.074835,40.636949,502,2020-08-25,200,0
Tompkinsville,SIR,SIR,Staten Island,SI,At Grade,-74.074835,40.636949,502,2020-08-26,185,0
Tompkinsville,SIR,SIR,Staten Island,SI,At Grade,-74.074835,40.636949,502,2020-08-27,207,0
Tompkinsville,SIR,SIR,Staten Island,SI,At Grade,-74.074835,40.636949,502,2020-08-28,217,0
Tompkinsville,SIR,SIR,Staten Island,SI,At Grade,-74.074835,40.636949,502,2020-08-29,112,0
Tompkinsville,SIR,SIR,Staten Island,SI,At Grade,-74.074835,40.636949,502,2020-08-30,68,0
Tompkinsville,SIR,SIR,Staten Island,SI,At Grade,-74.074835,40.636949,502,2020-08-31,283,0
Tompkinsville,SIR,SIR,Staten Island,SI,At Grade,-74.074835,40.636949,502,2020-09-01,309,0
Tompkinsville,SIR,SIR,Staten Island,SI,At Grade,-74.074835,40.636949,502,2020-09-02,291,0
Tompkinsville,SIR,SIR,Staten Island,SI,At Grade,-74.074835,40.636949,502,2020-09-03,303,0
Tompkinsville,SIR,SIR,Staten Island,SI,At Grade,-74.074835,40.636949,502,2020-09-04,316,0
Tompkinsville,SIR,SIR,Staten Island,SI,At Grade,-74.074835,40.636949,502,2020-09-05,16,0
Tompkinsville,SIR,SIR,Staten Island,SI,At Grade,-74.074835,40.636949,502,2020-09-06,13,0
Tompkinsville,SIR,SIR,Staten Island,SI,At Grade,-74.074835,40.636949,502,2020-09-07,189,0
Tompkinsville,SIR,SIR,Staten Island,SI,At Grade,-74.074835,40.636949,502,2020-09-08,307,0
Tompkinsville,SIR,SIR,Staten Island,SI,At Grade,-74.074835,40.636949,502,2020-09-09,326,0
Tompkinsville,SIR,SIR,Staten Island,SI,At Grade,-74.074835,40.636949,502,2020-09-10,297,0
Tompkinsville,SIR,SIR,Staten Island,SI,At Grade,-74.074835,40.636949,502,2020-09-11,331,0
Tompkinsville,SIR,SIR,Staten Island,SI,At Grade,-74.074835,40.636949,502,2020-09-12,22,0
Tompkinsville,SIR,SIR,Staten Island,SI,At Grade,-74.074835,40.636949,502,2020-09-13,2,0
Tompkinsville,SIR,SIR,Staten Island,SI,At Grade,-74.074835,40.636949,502,2020-09-14,294,0
Tompkinsville,SIR,SIR,Staten Island,SI,At Grade,-74.074835,40.636949,502,2020-09-15,364,0
Tompkinsville,SIR,SIR,Staten Island,SI,At Grade,-74.074835,40.636949,502,2020-09-16,328,0
Tompkinsville,SIR,SIR,Staten Island,SI,At Grade,-74.074835,40.636949,502,2020-09-17,325,0
Tompkinsville,SIR,SIR,Staten Island,SI,At Grade,-74.074835,40.636949,502,2020-09-18,287,0
Tompkinsville,SIR,SIR,Staten Island,SI,At Grade,-74.074835,40.636949,502,2020-09-19,144,0
Tompkinsville,SIR,SIR,Staten Island,SI,At Grade,-74.074835,40.636949,502,2020-09-20,110,0
Tompkinsville,SIR,SIR,Staten Island,SI,At Grade,-74.074835,40.636949,502,2020-09-21,330,0
Tompkinsville,SIR,SIR,Staten Island,SI,At Grade,-74.074835,40.636949,502,2020-09-22,335,0
Tompkinsville,SIR,SIR,Staten Island,SI,At Grade,-74.074835,40.636949,502,2020-09-23,310,0
Tompkinsville,SIR,SIR,Staten Island,SI,At Grade,-74.074835,40.636949,502,2020-09-24,329,0
Tompkinsville,SIR,SIR,Staten Island,SI,At Grade,-74.074835,40.636949,502,2020-09-25,358,0
Tompkinsville,SIR,SIR,Staten Island,SI,At Grade,-74.074835,40.636949,502,2020-09-26,18,0
Tompkinsville,SIR,SIR,Staten Island,SI,At Grade,-74.074835,40.636949,502,2020-09-27,4,0
Tompkinsville,SIR,SIR,Staten Island,SI,At Grade,-74.074835,40.636949,502,2020-09-28,307,0
Tompkinsville,SIR,SIR,Staten Island,SI,At Grade,-74.074835,40.636949,502,2020-09-29,352,0
Tompkinsville,SIR,SIR,Staten Island,SI,At Grade,-74.074835,40.636949,502,2020-09-30,327,0
Tompkinsville,SIR,SIR,Staten Island,SI,At Grade,-74.074835,40.636949,502,2020-10-01,391,0
Tompkinsville,SIR,SIR,Staten Island,SI,At Grade,-74.074835,40.636949,502,2020-10-02,376,0
Tompkinsville,SIR,SIR,Staten Island,SI,At Grade,-74.074835,40.636949,502,2020-10-03,21,0
Tompkinsville,SIR,SIR,Staten Island,SI,At Grade,-74.074835,40.636949,502,2020-10-04,104,0
Tompkinsville,SIR,SIR,Staten Island,SI,At Grade,-74.074835,40.636949,502,2020-10-05,333,0
Tompkinsville,SIR,SIR,Staten Island,SI,At Grade,-74.074835,40.636949,502,2020-10-06,345,0
Tompkinsville,SIR,SIR,Staten Island,SI,At Grade,-74.074835,40.636949,502,2020-10-07,374,0
Tompkinsville,SIR,SIR,Staten Island,SI,At Grade,-74.074835,40.636949,502,2020-10-08,368,0
Tompkinsville,SIR,SIR,Staten Island,SI,At Grade,-74.074835,40.636949,502,2020-10-09,350,0
Tompkinsville,SIR,SIR,Staten Island,SI,At Grade,-74.074835,40.636949,502,2020-10-10,215,0
Tompkinsville,SIR,SIR,Staten Island,SI,At Grade,-74.074835,40.636949,502,2020-10-11,138,0
Tompkinsville,SIR,SIR,Staten Island,SI,At Grade,-74.074835,40.636949,502,2020-10-12,218,0
Tompkinsville,SIR,SIR,Staten Island,SI,At Grade,-74.074835,40.636949,502,2020-10-13,341,0
Tompkinsville,SIR,SIR,Staten Island,SI,At Grade,-74.074835,40.636949,502,2020-10-14,360,0
Tompkinsville,SIR,SIR,Staten Island,SI,At Grade,-74.074835,40.636949,502,2020-10-15,313,0
Tompkinsville,SIR,SIR,Staten Island,SI,At Grade,-74.074835,40.636949,502,2020-10-16,326,0
Tompkinsville,SIR,SIR,Staten Island,SI,At Grade,-74.074835,40.636949,502,2020-10-17,248,0
Tompkinsville,SIR,SIR,Staten Island,SI,At Grade,-74.074835,40.636949,502,2020-10-18,152,0
Tompkinsville,SIR,SIR,Staten Island,SI,At Grade,-74.074835,40.636949,502,2020-10-19,327,0
Tompkinsville,SIR,SIR,Staten Island,SI,At Grade,-74.074835,40.636949,502,2020-10-20,329,0
Tompkinsville,SIR,SIR,Staten Island,SI,At Grade,-74.074835,40.636949,502,2020-10-21,343,0
Tompkinsville,SIR,SIR,Staten Island,SI,At Grade,-74.074835,40.636949,502,2020-10-22,346,0
Tompkinsville,SIR,SIR,Staten Island,SI,At Grade,-74.074835,40.636949,502,2020-10-23,357,0
Tompkinsville,SIR,SIR,Staten Island,SI,At Grade,-74.074835,40.636949,502,2020-10-24,32,0
Tompkinsville,SIR,SIR,Staten Island,SI,At Grade,-74.074835,40.636949,502,2020-10-25,4,0
Tompkinsville,SIR,SIR,Staten Island,SI,At Grade,-74.074835,40.636949,502,2020-10-26,270,0
Tompkinsville,SIR,SIR,Staten Island,SI,At Grade,-74.074835,40.636949,502,2020-10-27,334,0
Tompkinsville,SIR,SIR,Staten Island,SI,At Grade,-74.074835,40.636949,502,2020-10-28,319,0
Tompkinsville,SIR,SIR,Staten Island,SI,At Grade,-74.074835,40.636949,502,2020-10-29,281,0
Tompkinsville,SIR,SIR,Staten Island,SI,At Grade,-74.074835,40.636949,502,2020-10-30,267,0
Tompkinsville,SIR,SIR,Staten Island,SI,At Grade,-74.074835,40.636949,502,2020-10-31,34,0
Tompkinsville,SIR,SIR,Staten Island,SI,At Grade,-74.074835,40.636949,502,2020-11-01,0,0
Tompkinsville,SIR,SIR,Staten Island,SI,At Grade,-74.074835,40.636949,502,2020-11-02,307,0
Tompkinsville,SIR,SIR,Staten Island,SI,At Grade,-74.074835,40.636949,502,2020-11-03,315,0
Tompkinsville,SIR,SIR,Staten Island,SI,At Grade,-74.074835,40.636949,502,2020-11-04,341,0
Tompkinsville,SIR,SIR,Staten Island,SI,At Grade,-74.074835,40.636949,502,2020-11-05,333,0
Tompkinsville,SIR,SIR,Staten Island,SI,At Grade,-74.074835,40.636949,502,2020-11-06,355,0
Tompkinsville,SIR,SIR,Staten Island,SI,At Grade,-74.074835,40.636949,502,2020-11-07,0,0
Tompkinsville,SIR,SIR,Staten Island,SI,At Grade,-74.074835,40.636949,502,2020-11-08,115,1
Tompkinsville,SIR,SIR,Staten Island,SI,At Grade,-74.074835,40.636949,502,2020-11-09,330,0
Tompkinsville,SIR,SIR,Staten Island,SI,At Grade,-74.074835,40.636949,502,2020-11-10,322,0
Tompkinsville,SIR,SIR,Staten Island,SI,At Grade,-74.074835,40.636949,502,2020-11-11,297,0
Tompkinsville,SIR,SIR,Staten Island,SI,At Grade,-74.074835,40.636949,502,2020-11-12,284,0
Tompkinsville,SIR,SIR,Staten Island,SI,At Grade,-74.074835,40.636949,502,2020-11-13,325,0
Tompkinsville,SIR,SIR,Staten Island,SI,At Grade,-74.074835,40.636949,502,2020-11-14,4,0
Tompkinsville,SIR,SIR,Staten Island,SI,At Grade,-74.074835,40.636949,502,2020-11-15,101,0
Tompkinsville,SIR,SIR,Staten Island,SI,At Grade,-74.074835,40.636949,502,2020-11-16,330,0
Tompkinsville,SIR,SIR,Staten Island,SI,At Grade,-74.074835,40.636949,502,2020-11-17,317,0
Tompkinsville,SIR,SIR,Staten Island,SI,At Grade,-74.074835,40.636949,502,2020-11-18,326,0
Tompkinsville,SIR,SIR,Staten Island,SI,At Grade,-74.074835,40.636949,502,2020-11-19,332,0
Tompkinsville,SIR,SIR,Staten Island,SI,At Grade,-74.074835,40.636949,502,2020-11-20,327,0
Tompkinsville,SIR,SIR,Staten Island,SI,At Grade,-74.074835,40.636949,502,2020-11-21,0,0
Tompkinsville,SIR,SIR,Staten Island,SI,At Grade,-74.074835,40.636949,502,2020-11-22,17,0
Tompkinsville,SIR,SIR,Staten Island,SI,At Grade,-74.074835,40.636949,502,2020-11-23,271,0
Tompkinsville,SIR,SIR,Staten Island,SI,At Grade,-74.074835,40.636949,502,2020-11-24,303,0
Tompkinsville,SIR,SIR,Staten Island,SI,At Grade,-74.074835,40.636949,502,2020-11-25,279,0
Tompkinsville,SIR,SIR,Staten Island,SI,At Grade,-74.074835,40.636949,502,2020-11-26,134,0
Tompkinsville,SIR,SIR,Staten Island,SI,At Grade,-74.074835,40.636949,502,2020-11-27,284,0
Tompkinsville,SIR,SIR,Staten Island,SI,At Grade,-74.074835,40.636949,502,2020-11-28,199,0
Tompkinsville,SIR,SIR,Staten Island,SI,At Grade,-74.074835,40.636949,502,2020-11-29,126,0
Tompkinsville,SIR,SIR,Staten Island,SI,At Grade,-74.074835,40.636949,502,2020-11-30,231,0
Tompkinsville,SIR,SIR,Staten Island,SI,At Grade,-74.074835,40.636949,502,2020-12-01,328,0
Tompkinsville,SIR,SIR,Staten Island,SI,At Grade,-74.074835,40.636949,502,2020-12-02,304,0
Tompkinsville,SIR,SIR,Staten Island,SI,At Grade,-74.074835,40.636949,502,2020-12-03,308,0
Tompkinsville,SIR,SIR,Staten Island,SI,At Grade,-74.074835,40.636949,502,2020-12-04,288,0
Tompkinsville,SIR,SIR,Staten Island,SI,At Grade,-74.074835,40.636949,502,2020-12-05,186,0
Tompkinsville,SIR,SIR,Staten Island,SI,At Grade,-74.074835,40.636949,502,2020-12-06,128,0
Tompkinsville,SIR,SIR,Staten Island,SI,At Grade,-74.074835,40.636949,502,2020-12-07,299,0
Tompkinsville,SIR,SIR,Staten Island,SI,At Grade,-74.074835,40.636949,502,2020-12-08,243,0
Tompkinsville,SIR,SIR,Staten Island,SI,At Grade,-74.074835,40.636949,502,2020-12-09,305,0
Tompkinsville,SIR,SIR,Staten Island,SI,At Grade,-74.074835,40.636949,502,2020-12-10,297,0
Tompkinsville,SIR,SIR,Staten Island,SI,At Grade,-74.074835,40.636949,502,2020-12-11,306,0
Tompkinsville,SIR,SIR,Staten Island,SI,At Grade,-74.074835,40.636949,502,2020-12-12,4,0
Tompkinsville,SIR,SIR,Staten Island,SI,At Grade,-74.074835,40.636949,502,2020-12-13,10,0
Tompkinsville,SIR,SIR,Staten Island,SI,At Grade,-74.074835,40.636949,502,2020-12-14,238,0
Tompkinsville,SIR,SIR,Staten Island,SI,At Grade,-74.074835,40.636949,502,2020-12-15,261,0
Tompkinsville,SIR,SIR,Staten Island,SI,At Grade,-74.074835,40.636949,502,2020-12-16,243,0
Tompkinsville,SIR,SIR,Staten Island,SI,At Grade,-74.074835,40.636949,502,2020-12-17,154,0
Tompkinsville,SIR,SIR,Staten Island,SI,At Grade,-74.074835,40.636949,502,2020-12-18,287,0
Tompkinsville,SIR,SIR,Staten Island,SI,At Grade,-74.074835,40.636949,502,2020-12-19,4,0
Tompkinsville,SIR,SIR,Staten Island,SI,At Grade,-74.074835,40.636949,502,2020-12-20,113,0
Tompkinsville,SIR,SIR,Staten Island,SI,At Grade,-74.074835,40.636949,502,2020-12-21,280,0
Tompkinsville,SIR,SIR,Staten Island,SI,At Grade,-74.074835,40.636949,502,2020-12-22,292,0
Tompkinsville,SIR,SIR,Staten Island,SI,At Grade,-74.074835,40.636949,502,2020-12-23,306,0
Tompkinsville,SIR,SIR,Staten Island,SI,At Grade,-74.074835,40.636949,502,2020-12-24,238,0
Tompkinsville,SIR,SIR,Staten Island,SI,At Grade,-74.074835,40.636949,502,2020-12-25,56,0
